term,symbol
"""FREE coin""",FREE
#MetaHash,MHC
0chain,ZCN
0x coin,ZRX
1inch,1INCH
1INCH coin,1INCH
1ST coin,1ST
42 coin,42
42-coin,42
88mph coin,MPH
Aave,AAVE
AAVE coin,AAVE
Aave DAI,ADAI
Aave OLD,LEND
Aavegotchi,GHST
ABT coin,ABT
Abyss,ABYSS
ABYSS coin,ABYSS
AC coin,AC
ACH coin,ACH
Achain coin,ACT
ACoconut,AC
ACryptoS,ACS
ACS coin,ACS
ACT coin,ACT
ADA coin,ADA
ADAI coin,ADAI
AdEx coin,ADX
ADX coin,ADX
AE coin,AE
Aergo,AERGO
AERGO coin,AERGO
Aeternity coin,AE
AETH coin,AETH
AGA coin,AGA
AGA Token,AGA
AGI coin,AGI
Agrello coin,DLT
AION coin,AION
AirSwap,AST
AITRA,AITRA
AITRA coin,AITRA
Akash Network,AKT
AKRO coin,AKRO
Akropolis coin,AKRO
AKT coin,AKT
ALBT coin,ALBT
Alchemy Pay,ACH
ALEPH coin,ALEPH
Aleph.im,ALEPH
ALGO coin,ALGO
Algorand,ALGO
AllianceBlock,ALBT
ALPHA coin,ALPHA
Alpha Finance,ALPHA
Alpha Quark,AQT
Amoveo,VEO
AMP coin,AMP
AMPL coin,AMPL
Ampleforth,AMPL
ANJ coin,ANJ
ANKR coin,ANKR
ankrETH,AETH
ANT coin,ANT
ANY coin,ANY
Anyswap,ANY
AOA coin,AOA
AOG coin,AOG
API3,API3
API3 coin,API3
APL coin,APL
apM Coin,APM
APM coin,APM
Apollo coin,APL
APPC coin,APPC
AppCoins,APPC
APY coin,APY
APY.Finance,APY
AQT coin,AQT
AR coin,AR
Aragon coin,ANT
Aragon Court,ANJ
Arcblock,ABT
ARCH coin,ARCH
Archer DAO Governance Token,ARCH
Ardor coin,ARDR
ARDR coin,ARDR
ARK coin,ARK
ARMOR coin,ARMOR
ARPA Chain,ARPA
ARPA coin,ARPA
ARRR coin,ARRR
ARTE coin,ARTE
Arweave,AR
ASSY coin,ASSY
ASSY Index,ASSY
AST coin,AST
ATOM coin,ATOM
ATRI coin,ATRI
ATUSD coin,ATUSD
AUC coin,AUC
AUCTION coin,AUCTION
Auctus coin,AUC
AUDIO coin,AUDIO
Audius coin,AUDIO
Augur coin,REP
Aurora coin,AOA
AUTO coin,AUTO
Autonio coin,NIOX
AVA coin,AVA
Avalanche coin,AVAX
AVAX coin,AVAX
AXEL,AXEL
AXEL coin,AXEL
Axie Infinity,AXS
Axion coin,AXN
AXN coin,AXN
AXS coin,AXS
BAC coin,BAC
BADGER coin,BADGER
Badger DAO,BADGER
BAL coin,BAL
Balancer coin,BAL
Bancor Network,BNT
BAND coin,BAND
Band Protocol,BAND
Bankera coin,BNK
BAO coin,BAO
Bao Finance,BAO
BarnBridge coin,BOND
BAS coin,BAS
Basic Attention Token,BAT
Basis Cash,BAC
Basis Share,BAS
BAT coin,BAT
BBR coin,BBR
BC coin,BC
BCD coin,BCD
BCH coin,BCH
BCHA coin,BCHA
BCN coin,BCN
BDT coin,BDT
BEAM coin,BEAM
Beefy.Finance,BIFI
BEL coin,BEL
Bella Protocol,BEL
Benchmark Protocol,MARK
Beowulf,BWF
BEPRO coin,BEPRO
BEPRO Network,BEPRO
Berry Data,BRY
BEST coin,BEST
BFC coin,BFC
BFT coin,BFT
Bibox Token,BIX
BID coin,BID
Bidao coin,BID
BIFI coin,BIFI
Bifrost coin,BFC
BiLira coin,TRYB
Binance Coin,BNB
BIP coin,BIP
BIRD coin,BIRD
Bird.Money,BIRD
Bitberry Token,BBR
bitCNY,BITCNY
BITCNY coin,BITCNY
Bitcoin,BTC
Bitcoin 2,BTC2
Bitcoin Cash,BCH
Bitcoin Cash ABC,BCHA
Bitcoin Confidential coin,BC
Bitcoin Diamond,BCD
Bitcoin Gold,BTG
Bitcoin SV,BSV
BitCore,BTX
BitKan,KAN
BitMart Token,BMX
Bitmax Token,BTMX
Bitpanda Ecosystem,BEST
BitShares,BTS
BitTorrent,BTT
BitZ Token,BZ
BIX coin,BIX
BlackDragon Token,BDT
BLOCK coin,BLOCK
Blocknet,BLOCK
BLOCKv coin,VEE
Blockzero,XIO
Blox coin,CDT
Bluzelle coin,BLZ
BLZ coin,BLZ
BMC coin,BMC
BMI coin,BMI
BMX coin,BMX
BNB coin,BNB
BNB48 Club,KOGE
BNK coin,BNK
BnkToTheFuture,BFT
BNT coin,BNT
BOA coin,BOA
Bolt coin,BOLT
BOLT coin,BOLT
BOND coin,BOND
BOND coin,BOND
Bonded Finance,BOND
BONDLY coin,BONDLY
Bonfida coin,FIDA
BOR coin,BOR
BoringDAO,BOR
BOS coin,BOS
BOSAGORA,BOA
BOScoin,BOS
BOT coin,BOT
Bounce coin,BOT
Bounce coin,AUCTION
BountyMarketCap,BMC
BRD coin,BRD
Bread coin,BRD
Bridge Mutual,BMI
BRY coin,BRY
BSCEX coin,BSCX
BSCX coin,BSCX
BSV coin,BSV
BTC coin,BTC
BTC Standard Hashrate,BTCST
BTC2 coin,BTC2
BTCST coin,BTCST
BTG coin,BTG
BTM coin,BTM
BTMX coin,BTMX
BTS coin,BTS
BTSE coin,BTSE
BTSE Token,BTSE
BTT coin,BTT
BTU coin,BTU
BTU Protocol,BTU
BTX coin,BTX
BUIDL coin,BUIDL
BULL coin,BULL
BURST coin,BURST
BuySell coin,BULL
BWF coin,BWF
Bytecoin,BCN
Bytom,BTM
BYTS coin,BYTS
Bytus coin,BYTS
BYTZ,BYTZ
BYTZ coin,BYTZ
BZ coin,BZ
BZRX coin,BZRX
bZx Protocol,BZRX
c0x,CZRX
C20 coin,C20
CAKE coin,CAKE
Callisto Network,CLO
CARD coin,CARD
Cardano,ADA
Cardstack,CARD
CargoX,CXO
Carry coin,CRE
Cartesi coin,CTSI
CAS coin,CAS
Cashaa,CAS
Casino Betting Coin,CBC
Casinocoin,CSC
cBAT,CBAT
CBAT coin,CBAT
CBC coin,CBC
CC10 coin,CC10
cDAI,CDAI
CDAI coin,CDAI
CDT coin,CDT
CEL coin,CEL
Celer Network,CELR
CELO coin,CELO
CELO coin,CELO
CELR coin,CELR
Celsius Network,CEL
CENNZ coin,CENNZ
Centaur coin,CNTR
Centrality coin,CENNZ
CertiK coin,CTK
cETH coin,CETH
CETH coin,CETH
CFI coin,CFI
CHAIN coin,CHAIN
Chain Games,CHAIN
Chainlink,LINK
ChainX,PCX
CHERRY coin,CHERRY
Chiliz,CHZ
CHR coin,CHR
Chromia coin,CHR
CHSB coin,CHSB
CHX coin,CHX
CHZ coin,CHZ
Cindicator coin,CND
Circuits of Value,COVAL
Civic coin,CVC
CKB coin,CKB
CLO coin,CLO
CMT coin,CMT
CND coin,CND
CNNS,CNNS
CNNS coin,CNNS
CNTR coin,CNTR
COCOS BCX,COCOS
COCOS coin,COCOS
COFI coin,COFI
CoFiX,COFI
COIN coin,COIN
Coinbene Token,CONI
CoinMetro,XCM
COL coin,COL
COMP coin,COMP
COMP coin,COMP
Compound coin,COMP
Compound Coin,COMP
CONI coin,CONI
Constellation coin,DAG
Contentos coin,COS
CORE coin,CORE
Cortex coin,CTXC
COS coin,COS
COS coin,COS
Cosmos coin,ATOM
COTI coin,COTI
Counterparty coin,XCP
COV coin,COV
COVAL coin,COVAL
Covenants coin,UNIFI
COVER coin,COVER
COVER coin,COVER
Cover Protocol,COVER
Cover Protocol,COVER
Covesting coin,COV
CRDT,CRDT
CRDT coin,CRDT
CRE coin,CRE
Cream coin,CREAM
CREAM coin,CREAM
Cream ETH 2,CRETH2
CREDITS coin,CS
CREP coin,CREP
CRETH2 coin,CRETH2
CRO coin,CRO
CRPT coin,CRPT
CRU coin,CRU
Crust Network,CRU
CRV coin,CRV
Crypterium coin,CRPT
Crypto One Stop Solution,COS
Crypto.com,CRO
CRYPTO20,C20
Cryptocurrency Top 10 Tokens Index,CC10
CS coin,CS
CSC coin,CSC
CSP DAO,NEBO
CTK coin,CTK
CTSI coin,CTSI
CTXC coin,CTXC
Cudos coin,CUDOS
CUDOS coin,CUDOS
cUNI,CUNI
CUNI coin,CUNI
Curate coin,XCUR
Curve DAO,CRV
cUSDC coin,CUSDC
CUSDC coin,CUSDC
cUSDT,CUSDT
CUSDT coin,CUSDT
CUT coin,CUT
CUTcoin,CUT
cVault.finance,CORE
CVC coin,CVC
CVP coin,CVP
CXO coin,CXO
CyberFi coin,CFI
CyberMiles,CMT
CZRX coin,CZRX
DAG coin,DAG
Dai,DAI
DAI coin,DAI
DAO coin,DAO
DAO Maker,DAO
DAOstack,GEN
Darico Ecosystem,44532
Darwinia network,RING
DASH coin,DASH
DATA coin,DTA
DATA coin,DATA
DaTa eXchange,DTX
DBC coin,DBC
DCN coin,DCN
DCR coin,DCR
DDIM coin,DDIM
DDX coin,DDX
dea,DEA
DEA coin,DEA
DEC coin,DEC
DEC2 coin,44532
Decentr coin,DEC
Decentral Games,DG
Decentraland,MANA
Decred coin,DCR
DeepBrain Chain,DBC
DEFI 5,DEFI5
DeFi Pulse,DPI
DeFi Yield Protocol,DYP
DEFI5 coin,DEFI5
DefiDollar,DUSD
DefiDollar DAO,DFD
DEGO coin,DEGO
Dego Finance,DEGO
DeltaHub Community,DHC
DENT coin,DENT
Dentacoin,DCN
DEPAY coin,DEPAY
DerivaDAO,DDX
Dero,DERO
DERO coin,DERO
DEUS coin,DEUS
DEUS Finance,DEUS
DeXe,DEXE
DEXE coin,DEXE
DEXG coin,DEXG
DEXT coin,DEXT
DEXTF,DEXTF
DEXTF coin,DEXTF
Dextoken Governance,DEXG
DexTools,DEXT
DF coin,DF
DFD coin,DFD
DFI.money,YFII
dfohub,BUIDL
dForce Token,DF
DG coin,DG
DGB coin,DGB
DGD coin,DGD
DHC coin,DHC
dHEDGE DAO,DHT
DHT coin,DHT
DIA coin,DIA
Diamond coin,DMD
DIGG coin,DIGG
DigiByte,DGB
DigitalBits,XDB
DigitalNote coin,XDN
DigixDAO,DGD
DIP coin,DIP
district0x,DNT
Ditto,DITTO
DITTO coin,DITTO
DIVI coin,DIVI
DLP Duck,DUCK
DLT coin,DLT
DMarket coin,DMT
DMD coin,DMD
DMT coin,DMT
DNT coin,DNT
DOCK coin,DOCK
DODO,DODO
DODO coin,DODO
DOGE coin,DOGE
Dogecoin,DOGE
DOKI coin,DOKI
Doki Doki Finance,DOKI
DOS coin,DOS
DOS Network,DOS
DOT coin,DOT
DOUGH coin,DOUGH
DPI coin,DPI
Dracula Token,DRC
Dragonchain,DRGN
DRC coin,DRC
DRGN coin,DRGN
DSD coin,DSD
DSLA coin,DSLA
DSLA Protocol,DSLA
DTA coin,DTA
DTX coin,DTX
DUCK coin,DUCK
DUCK coin,DUCK
DuckDaoDime,DDIM
DUN coin,DUN
Dune coin,DUN
DUSD coin,DUSD
DUSK coin,DUSK
DUSK Network,DUSK
DUST coin,DUST
DUST Token,DUST
DXD coin,DXD
DXdao,DXD
DYN coin,DYN
Dynamic coin,DYN
Dynamic Set Dollar,DSD
DYP coin,DYP
e-Money coin,NGM
e-Radix,EXRD
EAC coin,EAC
Earthcoin,EAC
EASY coin,EASY
EasyFi coin,EASY
EDG coin,EDG
Edgeware coin,EDG
EDR coin,EDR
Effect.AI,EFX
Efforce coin,WOZX
EFX coin,EFX
EGG coin,EGG
EGLD coin,EGLD
Egretia,EGT
EGT coin,EGT
EHRT coin,EHRT
Eight Hours coin,EHRT
Einsteinium coin,EMC2
EL coin,EL
ELA coin,ELA
Elastos coin,ELA
Electroneum coin,ETN
ELF coin,ELF
ELG coin,ELG
Elrond,EGLD
ELYSIA coin,EL
EMC coin,EMC
EMC2 coin,EMC2
EmerCoin,EMC
Empty Set Dollar,ESD
Endor Protocol,EDR
Energi coin,NRG
Energy Web Token,EWT
ENG coin,ENG
Enigma coin,ENG
ENJ coin,ENJ
Enjin Coin,ENJ
Enzyme coin,MLN
EOS coin,EOS
Epic Cash,EPIC
EPIC coin,EPIC
EQUAD coin,EQUAD
ERG coin,ERG
Ergo coin,ERG
ERSDL coin,ERSDL
Escoin Token,ELG
ESD coin,ESD
ESS coin,ESS
Essentia coin,ESS
ETC coin,ETC
Eterbase Utility Token,XBASE
ETH coin,ETH
Ethereum,ETH
Ethereum Classic,ETC
Etherisc coin,DIP
ETN coin,ETN
ETP coin,ETP
EUNO coin,EUNO
EURS coin,EURS
Everest coin,ID
Everex,EVX
EVN coin,EVN
Evolution Finance,EVN
EVX coin,EVX
EWT coin,EWT
Exeedme coin,XED
ExNetwork,EXNT
EXNT coin,EXNT
EXRD coin,EXRD
EZOOW,EZW
EZW coin,EZW
f(x) Coin,FX
Factom coin,FCT
Falcon Project,FNT
Falconswap,FSW
Fantom coin,FTM
FARM coin,FARM
FCT coin,FCT
Feathercoin,FTC
Fedoracoin,TIPS
Ferrum Network,FRM
FET coin,FET
Fetch.ai,FET
FIDA coin,FIDA
FIL coin,FIL
FILDA coin,FILDA
Filecoin,FIL
FinNexus,FNX
Finxflo,FXF
FIO coin,FIO
FIO Protocol,FIO
FIRO coin,FIRO
First Blood coin,1ST
FIS coin,FIS
FLEX Coin,FLEX
FLEX coin,FLEX
Flexacoin,FXC
FLO,FLO
FLO coin,FLO
FLOW coin,FLOW
Flow Dapper,FLOW
FNT coin,FNT
FNX coin,FNX
FOAM coin,FOAM
FOAM coin,FOAM
FOR coin,FOR
ForTube coin,FOR
FRAX coin,FRAX
Frax Share,FXS
FREE coin,FREE
Freeway Token,FWT
Friends With Benefits coin,FWB
FRM coin,FRM
FRONT coin,FRONT
Frontier coin,FRONT
FSN coin,FSN
FSW coin,FSW
FTC coin,FTC
FTM coin,FTM
FTT coin,FTT
FTX Token,FTT
FUEL coin,FUEL
Fuel Token,FUEL
FUN coin,FUN
FUND coin,FUND
FunFair coin,FUN
FUSE coin,FUSE
Fuse Network,FUSE
FUSION coin,FSN
FWB coin,FWB
FWT coin,FWT
FX coin,FX
FXC coin,FXC
FXF coin,FXF
FXS coin,FXS
GALA coin,GALA
GAME coin,GAME
GameCredits,GAME
GAS coin,GAS
GateToken,GT
Gather coin,GTH
GBYTE coin,GBYTE
GEEQ,GEEQ
GEEQ coin,GEEQ
Gem Exchange,GXT
GEN coin,GEN
Genaro Network,GNX
Genesis Vision,GVT
GEO coin,GEO
GeoDB coin,GEO
GET coin,GET
GET Protocol,GET
GHST coin,GHST
Gifto coin,GTO
GivingToServices,SVCS
GLM coin,GLM
GNO coin,GNO
Gnosis coin,GNO
GNX coin,GNX
GO coin,GO
GoChain,GO
Golem coin,GLM
Goose Finance,EGG
GOVI coin,GOVI
GRID coin,GRID
GridPlus coin,GRID
GRIN coin,GRIN
GRO coin,GRO
Groestlcoin,GRS
GROWTH DeFi,GRO
GRS coin,GRS
GRT coin,GRT
GT coin,GT
GTH coin,GTH
GTO coin,GTO
Gulden coin,NLG
GVT coin,GVT
GXC coin,GXC
GXChain,GXC
GXT coin,GXT
Hacken Token,HAI
HAI coin,HAI
HAKKA coin,HAKKA
Hakka Finance,HAKKA
Handshake coin,HNS
HARD coin,HARD
HARD Protocol,HARD
Harmony coin,ONE
Harvest Finance,FARM
Hathor coin,HTR
Haven coin,XHV
HBAR coin,HBAR
HBTC coin,HBTC
HC coin,HC
Hedera Hashgraph,HBAR
Hedget coin,HGET
Hegic coin,HEGIC
HEGIC coin,HEGIC
Helium coin,HNT
Hermez Network,HEZ
HEZ coin,HEZ
HGET coin,HGET
Hifi Finance,MFT
HIVE coin,HIVE
HNS coin,HNS
HNT coin,HNT
Holo coin,HOT
Horizen coin,ZEN
HOT coin,HOT
HT coin,HT
HTR coin,HTR
HUNT coin,HUNT
Huobi Token,HT
HXRO coin,HXRO
HYDRA coin,HYDRA
HydraDX,XHDX
HYDRO coin,HYDRO
HYN coin,HYN
HyperCash,HC
Hyperion coin,HYN
Hyprr,UDOO
ICHI coin,ICHI
ICON coin,ICX
ICX coin,ICX
ID coin,ID
IDEX,IDEX
IDEX coin,IDEX
IDLE coin,IDLE
IETH coin,IETH
iExec RLC,RLC
IGNIS coin,IGNIS
INDEX coin,INDEX
Index Cooperative,INDEX
Indexed Finance,NDX
INJ coin,INJ
Injective Protocol,INJ
inSure DeFi,SURE
IOST,IOST
IOST coin,IOST
IOTA coin,MIOTA
IoTeX coin,IOTX
IOTX coin,IOTX
IQeon,IQN
IQN coin,IQN
IRIS coin,IRIS
IRIS net,IRIS
Items coin,ARTE
Jarvis Reward Token,JRT
JEX coin,JEX
Jex Token,JEX
Jibrel Network,JNT
JNT coin,JNT
JRT coin,JRT
JST coin,JST
JUL coin,JUL
JULD coin,JULD
JULIEN coin,JULIEN
JulSwap,JULD
JUST coin,JST
JustLiquidity,JUL
Kadena coin,KDA
KAI coin,KAI
KAN coin,KAN
Kardia Chain,KAI
KARMA coin,KARMA
Karma DAO,KARMA
KAVA coin,KAVA
Kava.io,KAVA
KCS coin,KCS
KDA coin,KDA
KEBAB coin,KEBAB
Kebab Token,KEBAB
KEEP coin,KEEP
Keep Network,KEEP
Keep3rV1,KP3R
KeeperDAO,ROOK
KEX coin,KEX
KEY coin,KEY
KIRA Network,KEX
Kleros coin,PNK
KLP coin,KLP
KMD coin,KMD
KNC coin,KNC
KOBE coin,KOBE
KOGE coin,KOGE
Komodo coin,KMD
KP3R coin,KP3R
KRT coin,KRT
KSM coin,KSM
KuCoin Token,KCS
Kulupu,KLP
Kusama,KSM
Kyber Network,KNC
L2 coin,L2
LAMB coin,LAMB
Lambda coin,LAMB
Lamden,TAU
Lattice Token,LTX
LAYER coin,LAYER
LBC coin,LBC
LBRY coin,LBC
LCC coin,LCC
LCX coin,LCX
LDO coin,LDO
LEAD coin,LEAD
Lead Token,LEAD
LEND coin,LEND
LET coin,LET
Leverj Gluon,L2
LGCY coin,LGCY
LGCY Network,LGCY
LGO coin,LGO
LGO Token,LGO
Lido DAO,LDO
Lido Staked Ether,STETH
LIEN coin,LIEN
LIKE coin,LIKE
LikeCoin,LIKE
LINA coin,LINA
Linear coin,LINA
LINK coin,LINK
Linkeye coin,LET
Lisk coin,LSK
LIT coin,LIT
Litecoin,LTC
Litecoin Cash,LCC
Litentry,LIT
Livepeer coin,LPT
LOC coin,LOC
LockTrip,LOC
LON coin,LON
LOOM coin,LOOM
Loom Network,LOOM
Loopring coin,LRC
LPT coin,LPT
LRC coin,LRC
LSK coin,LSK
LTC coin,LTC
LTO coin,LTO
LTO Network,LTO
LTX coin,LTX
LUA coin,LUA
Lua Token,LUA
LUNA coin,LUNA
LYM coin,LYM
Lympo coin,LYM
MAAPL coin,MAAPL
MAHA coin,MAHA
MahaDAO,MAHA
MAID coin,MAID
MaidSafeCoin,MAID
Maker coin,MKR
MANA coin,MANA
Mantis Network,MNTIS
MANTRA DAO,OM
MAPS coin,MAPS
MARK coin,MARK
Marlin coin,POND
MASK coin,MASK
Mask Network,MASK
MATH coin,MATH
MATIC coin,MATIC
MBL coin,MBL
MBX coin,MBX
MCB coin,MCB
MCDEX coin,MCB
MDA coin,MDA
Mdex coin,MDX
MDS coin,MDS
MDT coin,MDT
MDX coin,MDX
Measurable Data,MDT
MED coin,MED
Medibloc,MED
MEME coin,MEME
MET coin,MET
Meta coin,MTA
Metal coin,MTL
Metaverse ETP,ETP
Metronome coin,MET
Mettalex,MTLX
MFT coin,MFT
MHC coin,MHC
Midas Dollar Share,MDS
Mimble Wimble Coin,MWC
Minter coin,BIP
MIOTA coin,MIOTA
MIR coin,MIR
Mirror Protocol,MIR
Mirrored Apple,MAAPL
MITH coin,MITH
Mithril coin,MITH
MITX coin,MITX
MIX coin,MIX
MixMarvel,MIX
MKR coin,MKR
MLN coin,MLN
MNTIS coin,MNTIS
MOBI coin,MOBI
MobieCoin,MBX
Mobius coin,MOBI
MOC coin,MOC
MOD coin,MOD
Modefi coin,MOD
Moeda Loyalty,MDA
MONA coin,MONA
MonaCoin,MONA
Monero coin,XMR
Monetha coin,MTH
Monolith coin,TKN
MORK coin,MORK
Morpheus coin,MITX
Morpheus Network,MRPH
Mossland,MOC
MovieBloc,MBL
MPH coin,MPH
MRPH coin,MRPH
MTA coin,MTA
MTH coin,MTH
MTL coin,MTL
MTLX coin,MTLX
MTXLT coin,MTXLT
Multiplier coin,MXX
MUSD coin,MUSD
MUSE coin,MUSE
MUST coin,MUST
MWC coin,MWC
MX coin,MX
MX Token,MX
MXC coin,MXC
MXX coin,MXX
Myriad coin,XMY
MYST coin,MYST
Mysterium coin,MYST
Namecoin,NMC
NANO coin,NANO
NAS coin,NAS
Nash Exchange,NEX
NAV coin,NAV
NavCoin,NAV
NCP coin,NCP
NCT coin,NCT
NDX coin,NDX
NEAR coin,NEAR
NEBL coin,NEBL
Neblio coin,NEBL
NEBO coin,NEBO
Nebulas coin,NAS
NEC coin,NEC
Nectar coin,NEC
NEM coin,XEM
NEO coin,NEO
NEO coin,NEO
Nervos Network,CKB
NEST coin,NEST
Nest Protocol,NEST
Neutrino System,NSBT
Newscrypto Coin,NWC
Newton Coin,NCP
NewYork Exchange coin,NYE
NEX coin,NEX
NEXO coin,NEXO
Nexus coin,NXS
Nexus Mutual,NXM
NFT coin,NFT
NFT Protocol,NFT
NFTX coin,NFTX
NFTX coin,NFTX
NGM coin,NGM
NIM coin,NIM
Nimiq coin,NIM
NIOX coin,NIOX
NIX,NIX
NIX coin,NIX
NKN coin,NKN
NLG coin,NLG
NMC coin,NMC
NMR coin,NMR
NOIA coin,NOIA
NPXS coin,NPXS
NRG coin,NRG
NSBT coin,NSBT
NSURE coin,NSURE
Nsure Network,NSURE
NU coin,NU
NuCypher,NU
nuls,NULS
NULS coin,NULS
Numeraire,NMR
NWC coin,NWC
NXM coin,NXM
NXS coin,NXS
NXT coin,NXT
NYE coin,NYE
Oasis Network,ROSE
OAX coin,OAX
Obyte coin,GBYTE
OCE coin,OCE
OCEAN coin,OCEAN
Ocean Protocol,OCEAN
OceanEX,OCE
OCTO coin,OCTO
OctoFi,OCTO
ODE coin,ODE
ODEM coin,ODE
Oduwa Coin,OWC
Offshift coin,XFT
OGN coin,OGN
OKB,OKB
OKB coin,OKB
OM coin,OM
OMG coin,OMG
OMG Network,OMG
ONE coin,ONE
ONT coin,ONT
Ontology coin,ONT
ONX coin,ONX
OnX Finance,ONX
Opacity coin,OPCT
OPCT coin,OPCT
OPEN coin,OPEN
OPEN Governance Token,OPEN
OPIUM coin,OPIUM
OptionRoom coin,ROOM
ORAI coin,ORAI
Oraichain,ORAI
ORBS coin,ORBS
Origin Dollar,OUSD
Origin Protocol,OGN
OriginTrail,TRAC
Orion Protocol,ORN
ORN coin,ORN
OST coin,OST
OUSD coin,OUSD
OWC coin,OWC
OXEN coin,OXEN
PAC coin,PAC
PAC Global,PAC
PAID coin,PAID
PAID Network,PAID
PAN coin,PAN
PancakeSwap,CAKE
Pandacoin,PND
Pangolin,PNG
Pantos coin,PAN
PARSIQ coin,PRQ
PART coin,PART
Particl coin,PART
PAX coin,PAXG
PAX coin,PAX
PAXG coin,PAXG
Paxos Standard,PAX
PAY coin,PAY
PBR coin,PBR
PBTC coin,PBTC
pBTC35A,PBTC35A
PBTC35A coin,PBTC35A
PCHAIN,PI
PCX coin,PCX
PEAK coin,PEAK
PEAKDEFI,PEAK
Peercoin,PPC
PERP coin,PERP
Perpetual Protocol,PERP
PHA coin,PHA
Phala Network,PHA
Phantasma coin,SOUL
Phoenix Global,PHX
Phore coin,PHR
PHR coin,PHR
PHX coin,PHX
PI coin,PI
PIB coin,PIB
Pibble coin,PIB
PICKLE coin,PICKLE
Pickle Finance,PICKLE
PieDAO,DOUGH
PIPT coin,PIPT
Pirate Chain,ARRR
PIVX,PIVX
PIVX coin,PIVX
PLA coin,PLA
Plair coin,PLA
Plasma Finance,PPAY
PlatonCoin,PLTC
PLTC coin,PLTC
PLU coin,PLU
Pluton coin,PLU
PMA coin,PMA
PND coin,PND
pNetwork,PNT
PNG coin,PNG
PNK coin,PNK
PNT coin,PNT
POA coin,POA
POA Network,POA
PolkaBridge,PBR
Polkadot,DOT
Polkastarter,POLS
POLS coin,POLS
POLY coin,POLY
Polygon coin,MATIC
Polymath Network,POLY
PolySwarm,NCT
POND coin,POND
POOL coin,POOL
PoolTogether,POOL
POOLZ coin,POOLZ
Poolz Finance,POOLZ
Populous coin,PPT
Portion coin,PRT
POT coin,POT
Potcoin,POT
Power Index,PIPT
Power Ledger,POWR
PowerPool,CVP
PowerTrade Fuel,PTF
POWR coin,POWR
PPAY coin,PPAY
PPC coin,PPC
PPT coin,PPT
PRE coin,PRE
PREMIA coin,PREMIA
Presearch coin,PRE
PRO coin,PRO
PROM coin,PROM
Prometeus coin,PROM
PROPS coin,PROPS
Props Token,PROPS
Propy coin,PRO
PROS coin,PROS
Prosper coin,PROS
ProximaX,XPX
PRQ coin,PRQ
PRT coin,PRT
PTF coin,PTF
pTokens BTC,PBTC
PumaPay,PMA
Pundi X,NPXS
QASH,QASH
QASH coin,QASH
QKC coin,QKC
QLC Chain,QLC
QLC coin,QLC
QNT coin,QNT
QNTU coin,QNTU
QRL coin,QRL
QSP coin,QSP
Qtum,QTUM
QTUM coin,QTUM
Quadrant Protocol,EQUAD
Quant coin,QNT
Quanta coin,QNTU
Quantstamp,QSP
Quantum Resistant Ledger,QRL
QuarkChain,QKC
Raiden Network,RDN
RAKON coin,RKN
Rally coin,RLY
RAMP coin,RAMP
RARE coin,RARE
RARI coin,RARI
Rari Governance Token,RGT
Rarible coin,RARI
Ravencoin,RVN
RAY coin,RAY
Raydium coin,RAY
RAZOR coin,RAZOR
Razor Network,RAZOR
RBASE coin,RBASE
rbase.finance,RBASE
RBC coin,RBC
RCN coin,RCN
RDD coin,RDD
RDN coin,RDN
REAP coin,REAP
ReapChain,REAP
Reddcoin,RDD
RedFOX coin,RFOX
Refereum coin,RFR
reflect.finance,RFI
REN coin,REN
RENBTC coin,RENBTC
Render Token,RNDR
REP coin,REP
REPO coin,REPO
REQ coin,REQ
Request coin,REQ
Reserve Rights Token,RSR
REVV,REVV
REVV coin,REVV
RFI coin,RFI
RFOX coin,RFOX
RFR coin,RFR
RFUEL coin,RFUEL
RGT coin,RGT
RIF coin,RIF
RING coin,RING
RioDeFi,RFUEL
Ripio Credit Network,RCN
RKN coin,RKN
RLC coin,RLC
RLY coin,RLY
RNDR coin,RNDR
Robonomics Network,XRT
ROBOT coin,ROBOT
Rocket Pool,RPL
ROOK coin,ROOK
ROOM coin,ROOM
ROOT coin,ROOT
Rootkit,ROOT
ROSE coin,ROSE
RPL coin,RPL
RSK coin,RIF
RSR coin,RSR
Rubic coin,RBC
RUFF coin,RUFF
RUNE coin,RUNE
RUNE coin,RUNE
RVN coin,RVN
Safe Haven coin,SHA
SAFE2,SAFE2
SAFE2 coin,SAFE2
SafePal,SFP
Safex Token,SFT
saffron.finance,SFI
SAI coin,SAI
SALT coin,SALT
SAN coin,SAN
SAND coin,SAND
Santiment Network,SAN
SASHIMI coin,SASHIMI
SaTT,SATT
SATT coin,SATT
SBD coin,SBD
SBTC,SBTC
SC coin,SC
SCC coin,SCC
SCP coin,SCP
ScPrime,SCP
SCRT coin,SCRT
SDEFI coin,SDEFI
SDT coin,SDT
Secret coin,SCRT
SEEN coin,SEEN
SelfKey coin,KEY
SENT coin,SENT
Sentinel coin,SENT
Sentinel Protocol,UPP
Sentivate coin,SNTVT
SERO,SERO
SERO coin,SERO
Serum coin,SRM
SETH coin,SETH
SEUR coin,SEUR
SFI coin,SFI
SFP coin,SFP
SFT coin,SFT
SHA coin,SHA
Shabu Shabu,KOBE
Share Token,SHR
Shift coin,SHIFT
SHIFT coin,SHIFT
Shopping.io,SPI
SHR coin,SHR
SHROOM coin,SHROOM
Shroom.Finance,SHROOM
Siacoin,SC
SingularDTV,SNGLS
SingularityNET,AGI
Sirin Token,SRN
SIX coin,SIX
SIX Network,SIX
SKALE coin,SKL
SKEY coin,SKEY
SKL coin,SKL
SKY coin,SKY
Skycoin,SKY
sLINK,SLINK
SLINK coin,SLINK
SLP coin,SLP
SLT coin,SLT
Small Love Potion,SLP
SMART coin,SMART
Smart Key,SKEY
Smart Valor,VALOR
SmartCash,SMART
SMARTCREDIT coin,SMARTCREDIT
SmartCredit Token,SMARTCREDIT
Smartlands Network,SLT
SmartMesh,SMT
smARTOFGIVING,AOG
SMT coin,SMT
SNGLS coin,SNGLS
SNL coin,SNL
SNM coin,SNM
SNOW coin,SNOW
Snowswap,SNOW
SNT coin,SNT
SNTVT coin,SNTVT
SNX coin,SNX
SOCKS coin,SOCKS
SOL coin,SOL
Solana coin,SOL
SOLVE coin,SOLVE
SONM coin,SNM
Sora coin,XOR
Sora Validator,VAL
SOUL coin,SOUL
SpaceChain,SPC
SPANK coin,SPANK
SpankChain,SPANK
SPARTA coin,SPARTA
Spartan Protocol,SPARTA
SPC coin,SPC
Spendcoin,SPND
SPI coin,SPI
SPND coin,SPND
Sport and Leisure coin,SNL
SportX coin,SX
SRM coin,SRM
SRN coin,SRN
STA coin,STA
Stabilize coin,STBZ
Stacks coin,STX
Stafi coin,FIS
STAKE coin,STAKE
Stake DAO,SDT
Stakecube,SCC
StakeHound Staked ether,STETH
Stakenet,XSN
STASIS EURO,EURS
Statera coin,STA
Status coin,SNT
STBZ coin,STBZ
Stealth coin,XST
Steem,STEEM
STEEM coin,STEEM
Steem Dollars,SBD
Stellar coin,XLM
STETH coin,STETH
STETH coin,STETH
STMX coin,STMX
STORJ coin,STORJ
StormX coin,STMX
STP Network,STPT
STPT coin,STPT
Stratis coin,STRAX
STRAX coin,STRAX
Streamr coin,DATA
Strong coin,STRONG
STRONG coin,STRONG
STX coin,STX
SUKU coin,SUKU
SUPER coin,SUPER
Super Farm,SUPER
SURE coin,SURE
sUSD,SUSD
SUSD coin,SUSD
SUSHI coin,SUSHI
sushiswap,SUSHI
SVCS coin,SVCS
SWAG coin,SWAG
SWAG Finance,SWAG
SWAP coin,SWAP
Swerve coin,SWRV
SWFT Blockchain,SWFTC
SWFTC coin,SWFTC
SWG coin,SWG
Swingby coin,SWINGBY
SWINGBY coin,SWINGBY
Swipe coin,SXP
Swirge coin,SWG
SwissBorg coin,CHSB
Switcheo coin,SWTH
SWRV coin,SWRV
SWTH coin,SWTH
SX coin,SX
SXP coin,SXP
Syndicate coin,SYNX
Synthetix Network,SNX
Syntropy coin,NOIA
SYNX coin,SYNX
SYS coin,SYS
Syscoin,SYS
TAD coin,TAD
Tadpole coin,TAD
TAU coin,TAU
tBTC,TBTC
TBTC coin,TBTC
TCT coin,TCT
TEL coin,TEL
Telcoin,TEL
Tellor coin,TRB
Telos coin,TLOS
TenX coin,PAY
TERN coin,TERN
Ternio,TERN
Terra coin,LUNA
Terra Virtua Kolect,TVK
TerraKRW,KRT
Tether,USDT
Tether Gold,XAUT
Tezos,XTZ
TFUEL coin,TFUEL
The Graph coin,GRT
THETA coin,THETA
Theta Fuel,TFUEL
Theta Network,THETA
THORChain,RUNE
THORChain,RUNE
THUGS coin,THUGS
Thugs Fi,THUGS
ThunderCore coin,TT
Time New Bank,TNB
TIPS coin,TIPS
TITAN coin,TITAN
TitanSwap,TITAN
Tixl,TXL
Tixl OLD,MTXLT
TKN coin,TKN
TLOS coin,TLOS
TNB coin,TNB
Tokamak Network,TON
TokenClub,TCT
Tokenlon,LON
TOMO coin,TOMO
TomoChain,TOMO
TON coin,TON
TOP coin,TOP
TOP Network,TOP
TORN coin,TORN
Tornado Cash,TORN
TRAC coin,TRAC
TRADE coin,TRADE
Travala.com,AVA
TRB coin,TRB
Trittium,TRTT
TRON coin,TRX
TROY coin,TROY
TRTT coin,TRTT
TRU coin,TRU
TrueFi coin,TRU
TrueUSD coin,TUSD
Trust Wallet Token,TWT
Trustswap,SWAP
TRX coin,TRX
TRYB coin,TRYB
TT coin,TT
TUSD coin,TUSD
TVK coin,TVK
TWT coin,TWT
TXL coin,TXL
Ubiq coin,UBQ
UBQ coin,UBQ
UBT coin,UBT
UBXT coin,UBXT
UDOO coin,UDOO
UFT coin,UFT
ULT coin,ULT
Ultiledger,ULT
Ultra coin,UOS
UMA coin,UMA
UMB coin,UMB
Umbrella Network,UMB
UMI coin,UMI
UNC coin,UNC
UNCX coin,UNCX
UnFederalReserve,ERSDL
UNFI coin,UNFI
UNI coin,UNI
Unibright,UBT
UniCrypt,UNCX
UniCrypt,UNC
UNIFI coin,UNIFI
Unifi Protocol DAO,UNFI
Unification coin,FUND
UniLayer coin,LAYER
UniLend,UFT
UNION Protocol,UNN
Unique One,RARE
Unisocks,SOCKS
Unistake,UNISTAKE
UNISTAKE coin,UNISTAKE
Uniswap coin,UNI
Unit Protocol,DUCK
Unit Protocol,COL
Unitrade,TRADE
Universa coin,UTNP
Universal Money Instrument,UMI
UNN coin,UNN
UOS coin,UOS
UpBots,UBXT
UPP coin,UPP
UQC coin,UQC
Uquid Coin,UQC
USDK coin,USDK
USDP,USDP
USDP coin,USDP
USDT coin,USDT
USDX coin,USDX
UST coin,UST
UTK coin,UTK
UTNP coin,UTNP
UTRUST coin,UTK
UTU coin,UTU
V.SYSTEMS,VSYS
VAI coin,VAI
VAL coin,VAL
VAL coin,VAL
Validity coin,VAL
VALOR coin,VALOR
VALUE coin,VALUE
Value Liquidity,VALUE
VeChain,VET
veCRV-DAO yVault,YVE-CRVDAO
VECT coin,VECT
Vectorium Flash,VECT
Vectorspace AI,VXV
VEE coin,VEE
Velas coin,VLX
Venus coin,XVS
VEO coin,VEO
Verge coin,XVG
VERI coin,VERI
Veritaseum coin,VERI
Veros coin,VRS
Vertcoin,VTC
Verus Coin,VRSC
Vesper Finance,VSP
VET coin,VET
VeThor Token,VTHO
VGX coin,VGX
VIA coin,VIA
Viacoin,VIA
VIB coin,VIB
Viberate coin,VIB
VID coin,VID
VideoCoin,VID
VIDT coin,VIDT
VIDT Datalink,VIDT
Vitae,VITAE
VITAE coin,VITAE
VLX coin,VLX
Voyager Token,VGX
VRS coin,VRS
VRSC coin,VRSC
VSP coin,VSP
VSYS coin,VSYS
VTC coin,VTC
VTHO coin,VTHO
VXV coin,VXV
WABI coin,WABI
Wagerr,WGR
Waltonchain,WTC
WAN coin,WAN
Wanchain,WAN
WAULT coin,WAULT
Wault Finance,WAULT
WAVES coin,WAVES
WAX coin,WAXP
WAXP coin,WAXP
WaykiChain,WICC
WazirX coin,WRX
WCRES coin,WCRES
WeOwn coin,CHX
WePower coin,WPR
WGR coin,WGR
WHALE coin,WHALE
WHITE coin,WHITE
Whiteheart coin,WHITE
WICC coin,WICC
WIN coin,WIN
WING coin,WING
Wing Finance,WING
WINk coin,WIN
Wirex coin,WXT
WNXM coin,WNXM
WOM coin,WOM
WOM Protocol,WOM
WOO coin,WOO
Wootrade Network,WOO
WOZX coin,WOZX
WPR coin,WPR
Wrapped CrescoFin,WCRES
Wrapped NXM,WNXM
WRX coin,WRX
WTC coin,WTC
WXT coin,WXT
X-CASH,XCASH
XAUT coin,XAUT
XBASE coin,XBASE
XCASH coin,XCASH
XCM coin,XCM
XCP coin,XCP
XCUR coin,XCUR
xDAI Stake,STAKE
XDB coin,XDB
XDC coin,XDC
XDC Network,XDC
XDN coin,XDN
XED coin,XED
XEM coin,XEM
XFT coin,XFT
XHDX coin,XHDX
XHV coin,XHV
XIO coin,XIO
XLM coin,XLM
XMax coin,XMX
XMR coin,XMR
XMX coin,XMX
XMY coin,XMY
XOR coin,XOR
XPX coin,XPX
XRP,XRP
XRP coin,XRP
XRT coin,XRT
XSN coin,XSN
XST coin,XST
xSUSHI,XSUSHI
XSUSHI coin,XSUSHI
XTZ coin,XTZ
XVG coin,XVG
XVIX coin,XVIX
XVIX coin,XVIX
XVS coin,XVS
YAM coin,YAM
YAX coin,YAX
yAxis coin,YAX
YCC coin,YCC
yearn.finance,YFI
YF Link,YFL
YF-DAI coin,YF-DAI
YfDAI.finance,YF-DAI
YFI coin,YFI
YFII coin,YFII
YFL coin,YFL
YIELD App,YLD
Yield coin,YLD
YLD coin,YLD
YLD coin,YLD
YOP coin,YOP
YOU Chain,YOU
YOU coin,YOU
Yuan Chain,YCC
YUKI COIN,YUKI
YUKI coin,YUKI
yUSD coin,YVAULT-LP-YCURVE
YVAULT-LP-YCURVE coin,YVAULT-LP-YCURVE
YVE-CRVDAO coin,YVE-CRVDAO
ZAI coin,ZAI
Zano,ZANO
ZANO coin,ZANO
Zap coin,ZAP
ZAP coin,ZAP
ZB coin,ZB
ZB Token,ZB
ZBG Token,ZT
Zcash,ZEC
ZCN coin,ZCN
ZEC coin,ZEC
ZEE coin,ZEE
ZEFU coin,ZEFU
ZEL coin,ZEL
ZEN coin,ZEN
Zenfuse coin,ZEFU
Zenon coin,ZNN
ZERO coin,ZERO
Zero Collateral Dai,ZAI
Zero Exchange coin,ZERO
ZeroSwap,ZEE
zHEGIC,ZHEGIC
ZHEGIC coin,ZHEGIC
ZIL coin,ZIL
Zilliqa coin,ZIL
Zipmex,ZMT
ZKS coin,ZKS
ZKSwap,ZKS
ZMT coin,ZMT
ZNN coin,ZNN
ZRX coin,ZRX
ZT coin,ZT